{
  "type": "FeatureCollection",
  "crs": {
    "type": "name",
    "properties": { "name": "urn:ogc:def:crs:OGC:1.3:CRS84" }
  },
  "features": [
    {
      "type": "Feature",
      "properties": {
        "HOSPITAL_ID": 1,
        "NAME": "Kidney Transplant and Renal Care Unit",
        "ADDRESS": "Cancer Unit, Kandy"
       
       
      },
      "geometry": {
        "type": "Point",
        "coordinates": [ 80.67549650722067, 7.315724031916449]
      }
    },

    {
      "type": "Feature",
      "properties": {
        "HOSPITAL_ID": 2,
        "NAME": "The National Institute of Nephrology Dialysis Transplantation",
        "ADDRESS": "349 Jayantha Weerasekara Mawatha, Colombo 01000"

      },
      "geometry": {
        "type": "Point",
        "coordinates": [ 79.85718970057326, 6.968798469601842]
      }
    },
    {
      "type": "Feature",
      "properties": {
        "HOSPITAL_ID": 3,
        "NAME": "Transplant Unit of National Hospital of Sri Lanka",
        "ADDRESS": "E W, 01000"

      },
      "geometry": {
        "type": "Point",
        "coordinates": [ 79.86717532268469, 6.956785315108871]
      }
    },
    {
      "type": "Feature",
      "properties": {
        "HOSPITAL_ID": 4,
        "NAME": "Nephrology Unit",
        "ADDRESS": "1 Abdulla Sahib Mawatha, Badulla"

      },
      "geometry": {
        "type": "Point",
        "coordinates": [ 81.05369872127893, 7.041294871588629]
      }
    },
    {
      "type": "Feature",
      "properties": {
        "HOSPITAL_ID": 5,
        "NAME": "Nephrology Unit,Teaching Hospital Anuradhapura",
        "ADDRESS": "8CG7+7W5, Anuradhapura"

      },
      "geometry": {
        "type": "Point",
        "coordinates": [ 80.41485148162784, 8.371828082332566]
      }
    },
    {
      "type": "Feature",
      "properties": {
        "HOSPITAL_ID": 6,
        "NAME": "National Nephrology Hospital",
        "ADDRESS": "Maradankadawala-Habarana-Thirukkondaiadimadu Hwy, Polonnaruwa"

      },
      "geometry": {
        "type": "Point",
        "coordinates": [ 81.01249059908808, 7.990925484222612]
      
      }
    }

  
   
  
 

  
  ]
}
